{"cameraMode":{"drawMode":0,"name":"Shaded","section":"Shading Mode"},"sceneLighting":true,"audioPlay":false,"sceneViewState":{"showFog":true,"showMaterialUpdate":false,"showSkybox":true,"showFlares":true,"showImageEffects":true,"showParticleSystems":true},"in2DMode":false,"pivot":{"x":-0.668237566947937,"y":2.293856143951416,"z":36.2053108215332},"rotation":{"x":-0.052112944424152377,"y":0.9420976042747498,"z":-0.2755279541015625,"w":-0.18589679896831513},"size":17.12860107421875,"orthographic":false}